datetime,BTC,ETH,ADA,DOT,LINK
2025-05-06 04:00:00,94400.99,1806.03,0.6616,3.892,13.52
2025-05-06 08:00:00,93812.54,1769.92,0.648,3.841,13.28
2025-05-06 12:00:00,94558.95,1770.09,0.6522,3.909,13.39
2025-05-06 16:00:00,94963.5,1784.79,0.6641,3.937,13.61
2025-05-06 20:00:00,96834.02,1817.0,0.6789,3.971,13.82
2025-05-07 00:00:00,96506.9,1826.48,0.6781,3.963,13.93
2025-05-07 04:00:00,96994.82,1838.24,0.6824,3.982,13.93
2025-05-07 08:00:00,97047.43,1836.35,0.6829,3.977,13.87
2025-05-07 12:00:00,96923.91,1817.31,0.6653,3.921,13.59
2025-05-07 16:00:00,96180.01,1795.82,0.6593,3.902,13.56
2025-05-07 20:00:00,97030.5,1811.11,0.6715,3.969,13.82
2025-05-08 00:00:00,99152.79,1901.1,0.7028,4.169,14.5
2025-05-08 04:00:00,99252.34,1928.4,0.7079,4.212,14.69
2025-05-08 08:00:00,99409.14,1957.63,0.7192,4.247,14.89
2025-05-08 12:00:00,100758.08,2051.3,0.7315,4.296,15.23
2025-05-08 16:00:00,101299.99,2117.83,0.7404,4.331,15.55
2025-05-08 20:00:00,103261.6,2207.39,0.7693,4.456,15.88
2025-05-09 00:00:00,102451.04,2205.06,0.7556,4.474,15.69
2025-05-09 04:00:00,103628.77,2364.09,0.7941,4.605,16.11
2025-05-09 08:00:00,102958.31,2351.29,0.7942,4.687,16.22
2025-05-09 12:00:00,102895.99,2301.3,0.7816,4.731,15.96
2025-05-09 16:00:00,103189.17,2331.57,0.7813,4.762,16.01
2025-05-09 20:00:00,102971.99,2345.04,0.7774,4.799,16.01
2025-05-10 00:00:00,103226.24,2339.89,0.7807,4.981,16.05
2025-05-10 04:00:00,103759.71,2400.0,0.8005,5.062,16.36
2025-05-10 08:00:00,103434.94,2384.75,0.7889,5.049,16.1
2025-05-10 12:00:00,103138.77,2433.46,0.8014,5.003,16.42
2025-05-10 16:00:00,103191.35,2499.48,0.8126,5.074,16.79
2025-05-10 20:00:00,104809.53,2583.23,0.8406,5.309,17.34
2025-05-11 00:00:00,104007.03,2537.63,0.8163,5.126,16.94
2025-05-11 04:00:00,103385.47,2473.22,0.7917,5.002,16.45
2025-05-11 08:00:00,104652.01,2530.67,0.8039,5.109,16.67
2025-05-11 12:00:00,104150.0,2462.51,0.7902,5.05,16.61
2025-05-11 16:00:00,104420.0,2508.02,0.8091,5.104,16.95
2025-05-11 20:00:00,104118.0,2514.57,0.8053,5.097,17.1
2025-05-12 00:00:00,104100.13,2520.0,0.8197,5.147,17.16
2025-05-12 04:00:00,104467.99,2554.77,0.8248,5.269,17.51
2025-05-12 08:00:00,103762.9,2530.59,0.8245,5.2,17.14
2025-05-12 12:00:00,102527.26,2486.92,0.822,5.107,16.84
2025-05-12 16:00:00,101860.0,2460.36,0.8075,5.048,16.53
2025-05-12 20:00:00,102791.32,2495.47,0.817,5.068,16.74
2025-05-13 00:00:00,101719.4,2424.8,0.7741,4.842,16.08
2025-05-13 04:00:00,102665.5,2460.72,0.7916,4.971,16.41
2025-05-13 08:00:00,103729.2,2513.39,0.7988,5.004,16.66
2025-05-13 12:00:00,103682.55,2566.21,0.8058,5.044,16.87
2025-05-13 16:00:00,104792.22,2690.94,0.8348,5.211,17.62
2025-05-13 20:00:00,104103.72,2679.71,0.8299,5.195,17.39
2025-05-14 00:00:00,103587.44,2646.82,0.8168,5.195,17.23
2025-05-14 04:00:00,103716.55,2640.76,0.8243,5.15,17.19
2025-05-14 08:00:00,103944.93,2624.94,0.8209,5.127,17.11
2025-05-14 12:00:00,103514.24,2597.49,0.8074,5.022,17.01
2025-05-14 16:00:00,103321.72,2605.1,0.8014,5.016,17.01
2025-05-14 20:00:00,103507.82,2609.74,0.7986,4.98,17.01
2025-05-15 00:00:00,102753.63,2574.93,0.7922,4.903,16.71
2025-05-15 04:00:00,101779.99,2531.0,0.7676,4.763,16.2
2025-05-15 08:00:00,102371.61,2554.71,0.772,4.788,16.32
2025-05-15 12:00:00,103251.35,2563.76,0.7757,4.838,16.45
2025-05-15 16:00:00,103157.26,2530.98,0.7698,4.806,16.17
2025-05-15 20:00:00,103763.71,2548.69,0.7624,4.779,16.04
2025-05-16 00:00:00,104023.49,2581.35,0.7814,4.872,16.29
2025-05-16 04:00:00,103710.17,2601.5,0.7783,4.88,16.35
2025-05-16 08:00:00,103651.71,2620.83,0.7791,4.931,16.35
2025-05-16 12:00:00,104183.33,2594.93,0.7788,4.908,16.25
2025-05-16 16:00:00,104032.6,2591.8,0.773,4.841,16.06
2025-05-16 20:00:00,103463.9,2537.12,0.7588,4.755,15.76
2025-05-17 00:00:00,103508.48,2496.98,0.7556,4.685,15.51
2025-05-17 04:00:00,103451.14,2492.89,0.7761,4.729,15.4
2025-05-17 08:00:00,102994.17,2481.67,0.76,4.685,15.31
2025-05-17 12:00:00,102939.53,2474.48,0.7504,4.662,15.3
2025-05-17 16:00:00,103158.6,2470.19,0.735,4.594,15.24
2025-05-17 20:00:00,103126.65,2475.08,0.7427,4.612,15.32
2025-05-18 00:00:00,103295.7,2477.2,0.738,4.608,15.36
2025-05-18 04:00:00,103919.39,2509.3,0.7594,4.751,15.73
2025-05-18 08:00:00,103800.54,2501.75,0.7557,4.745,15.63
2025-05-18 12:00:00,105518.0,2578.99,0.774,4.91,16.35
2025-05-18 16:00:00,103883.97,2408.2,0.7304,4.587,15.19
2025-05-18 20:00:00,106454.26,2497.78,0.7596,4.793,15.88
2025-05-19 00:00:00,103605.88,2385.31,0.7282,4.551,15.14
2025-05-19 04:00:00,103226.29,2403.74,0.7237,4.5,15.18
2025-05-19 08:00:00,102963.41,2417.58,0.7282,4.523,15.21
2025-05-19 12:00:00,104786.41,2466.63,0.7362,4.556,15.47
2025-05-19 16:00:00,105517.7,2518.82,0.7421,4.6,15.78
2025-05-19 20:00:00,105573.74,2528.14,0.7425,4.596,15.78
2025-05-20 00:00:00,105761.92,2553.3,0.7431,4.648,16.13
2025-05-20 04:00:00,105021.71,2532.3,0.733,4.593,15.95
2025-05-20 08:00:00,105203.76,2514.2,0.7289,4.57,15.67
2025-05-20 12:00:00,105333.68,2482.79,0.7321,4.601,15.54
2025-05-20 16:00:00,107026.47,2501.28,0.7393,4.635,15.6
2025-05-20 20:00:00,106849.99,2524.19,0.746,4.677,15.71
2025-05-21 00:00:00,106843.59,2544.98,0.7519,4.727,15.86
2025-05-21 04:00:00,106527.16,2551.87,0.7528,4.683,15.84
2025-05-21 08:00:00,106546.44,2536.65,0.7553,4.68,15.87
2025-05-21 12:00:00,108973.35,2567.01,0.7655,4.76,16.11
2025-05-21 16:00:00,108603.79,2512.79,0.7612,4.754,15.96
2025-05-21 20:00:00,109643.99,2550.99,0.7693,4.74,16.1
2025-05-22 00:00:00,111780.84,2629.24,0.7887,4.844,16.42
2025-05-22 04:00:00,111045.45,2635.19,0.7941,4.858,16.42
2025-05-22 08:00:00,110981.97,2650.75,0.8024,4.881,16.61
2025-05-22 12:00:00,111290.86,2664.48,0.8032,4.933,16.8
2025-05-22 16:00:00,111188.0,2634.51,0.8021,4.901,16.65
2025-05-22 20:00:00,111696.21,2664.82,0.8093,4.948,16.74
2025-05-23 00:00:00,111100.01,2722.0,0.8381,5.108,17.12
2025-05-23 04:00:00,110715.42,2655.2,0.8086,4.922,16.67
2025-05-23 08:00:00,109076.35,2566.79,0.7818,4.747,16.3
2025-05-23 12:00:00,108940.0,2568.53,0.7776,4.715,16.2
2025-05-23 16:00:00,108716.07,2560.98,0.7734,4.692,16.04
2025-05-23 20:00:00,107318.3,2526.5,0.7471,4.561,15.53
2025-05-24 00:00:00,108366.3,2549.99,0.7617,4.615,15.74
2025-05-24 04:00:00,107587.75,2546.99,0.7573,4.591,15.68
2025-05-24 08:00:00,109208.56,2563.31,0.761,4.608,15.76
2025-05-24 12:00:00,108929.7,2555.64,0.7584,4.569,15.65
2025-05-24 16:00:00,108960.0,2554.47,0.7548,4.592,15.5
2025-05-24 20:00:00,107761.91,2530.4,0.7467,4.545,15.34
2025-05-25 00:00:00,108095.75,2512.78,0.7442,4.518,15.47
2025-05-25 04:00:00,107681.81,2494.39,0.7386,4.511,15.29
2025-05-25 08:00:00,107260.0,2497.91,0.739,4.457,15.15
2025-05-25 12:00:00,106967.97,2511.7,0.74,4.411,15.03
2025-05-25 16:00:00,107717.01,2526.6,0.7483,4.444,15.13
2025-05-25 20:00:00,109004.19,2551.22,0.7598,4.523,15.54
2025-05-26 00:00:00,109623.53,2560.3,0.763,4.562,15.69
2025-05-26 04:00:00,110094.62,2580.8,0.7753,4.607,15.93
2025-05-26 08:00:00,109772.72,2568.08,0.767,4.52,15.74
2025-05-26 12:00:00,110009.82,2565.99,0.7686,4.527,15.77
2025-05-26 16:00:00,109130.44,2541.22,0.7543,4.448,15.49
2025-05-26 20:00:00,109434.79,2563.7,0.7604,4.468,15.54
2025-05-27 00:00:00,108892.16,2549.25,0.7539,4.427,15.45
2025-05-27 04:00:00,109547.16,2607.59,0.7649,4.521,15.84
2025-05-27 08:00:00,109585.49,2652.64,0.7694,4.56,15.95
2025-05-27 12:00:00,110140.11,2668.2,0.7676,4.584,16.0
2025-05-27 16:00:00,109877.87,2687.53,0.7638,4.554,15.93
2025-05-27 20:00:00,108938.17,2660.81,0.7583,4.535,15.91
2025-05-28 00:00:00,108863.64,2645.37,0.7546,4.549,16.04
2025-05-28 04:00:00,108816.44,2636.39,0.7508,4.536,15.87
2025-05-28 08:00:00,108870.38,2656.99,0.7589,4.615,15.98
2025-05-28 12:00:00,107107.31,2626.9,0.7415,4.489,15.45
2025-05-28 16:00:00,106946.01,2617.79,0.7329,4.424,15.32
2025-05-28 20:00:00,107781.78,2681.6,0.7476,4.587,15.69
2025-05-29 00:00:00,108044.88,2762.5,0.758,4.626,16.03
2025-05-29 04:00:00,107880.72,2731.28,0.7506,4.554,15.79
2025-05-29 08:00:00,108779.84,2715.83,0.7561,4.586,15.85
2025-05-29 12:00:00,107019.89,2643.68,0.7376,4.498,15.36
2025-05-29 16:00:00,105731.74,2650.12,0.7274,4.436,15.19
2025-05-29 20:00:00,105589.75,2631.39,0.7221,4.332,15.05
2025-05-30 00:00:00,106024.33,2631.19,0.7092,4.212,14.7
2025-05-30 04:00:00,105028.02,2618.26,0.6998,4.188,14.49
2025-05-30 08:00:00,105880.51,2622.04,0.709,4.217,14.54
2025-05-30 12:00:00,105543.0,2598.21,0.7019,4.175,14.25
2025-05-30 16:00:00,104640.5,2574.41,0.7114,4.183,14.26
2025-05-30 20:00:00,103985.48,2531.34,0.6889,4.049,13.9
2025-05-31 00:00:00,103684.01,2513.98,0.6617,3.961,13.56
2025-05-31 04:00:00,103747.02,2521.11,0.6657,3.986,13.71
2025-05-31 08:00:00,103498.18,2519.61,0.664,3.979,13.67
2025-05-31 12:00:00,104556.08,2536.3,0.6799,4.078,13.87
2025-05-31 16:00:00,104698.02,2537.4,0.6891,4.095,14.12
2025-05-31 20:00:00,104591.88,2528.06,0.6858,4.076,13.97
2025-06-01 00:00:00,104381.03,2513.3,0.6781,4.067,13.84
2025-06-01 04:00:00,104275.95,2509.0,0.6733,4.046,13.87
2025-06-01 08:00:00,104082.68,2497.35,0.6637,4.024,13.81
2025-06-01 12:00:00,104715.1,2523.23,0.6751,4.049,13.95
2025-06-01 16:00:00,105121.94,2526.38,0.6787,4.038,14.0
2025-06-01 20:00:00,105642.93,2539.21,0.6855,4.066,14.06
2025-06-02 00:00:00,104829.27,2496.31,0.6772,4.02,13.87
2025-06-02 04:00:00,105387.67,2506.94,0.6791,4.014,13.89
2025-06-02 08:00:00,104047.64,2480.94,0.6664,3.97,13.68
2025-06-02 12:00:00,104438.79,2544.39,0.6743,4.034,13.71
2025-06-02 16:00:00,104425.63,2532.44,0.6733,4.036,13.68
2025-06-02 20:00:00,105857.99,2607.41,0.6896,4.148,14.07
2025-06-03 00:00:00,105482.02,2603.39,0.6938,4.148,14.15
2025-06-03 04:00:00,105170.75,2609.99,0.6931,4.164,14.13
2025-06-03 08:00:00,105287.24,2601.78,0.6918,4.151,14.09
2025-06-03 12:00:00,106610.66,2623.58,0.6934,4.183,14.33
2025-06-03 16:00:00,106238.81,2625.16,0.691,4.194,14.35
2025-06-03 20:00:00,105376.89,2593.36,0.6837,4.137,14.11
2025-06-04 00:00:00,105519.27,2627.9,0.6957,4.19,14.33
2025-06-04 04:00:00,105320.75,2627.74,0.6961,4.184,14.28
2025-06-04 08:00:00,105084.36,2624.4,0.6929,4.13,14.19
2025-06-04 12:00:00,105298.27,2667.93,0.6884,4.108,14.18
2025-06-04 16:00:00,104913.52,2623.72,0.6736,4.041,13.9
2025-06-04 20:00:00,104696.86,2607.68,0.6654,4.006,13.83
2025-06-05 00:00:00,105047.15,2624.99,0.6757,4.035,13.88
2025-06-05 04:00:00,104518.05,2604.08,0.6765,4.029,13.74
2025-06-05 08:00:00,104827.8,2608.01,0.6811,4.006,13.77
2025-06-05 12:00:00,104531.49,2589.43,0.6741,4.019,13.72
2025-06-05 16:00:00,101914.77,2528.96,0.6421,3.897,13.19
2025-06-05 20:00:00,101508.68,2414.01,0.6256,3.814,12.89
2025-06-06 00:00:00,102493.3,2455.71,0.6374,3.915,13.19
2025-06-06 04:00:00,103150.44,2455.64,0.6395,3.881,13.18
2025-06-06 08:00:00,103927.99,2476.15,0.6508,3.909,13.21
2025-06-06 12:00:00,105092.28,2509.63,0.6667,3.969,13.54
2025-06-06 16:00:00,104219.8,2484.02,0.6628,3.891,13.47
2025-06-06 20:00:00,104288.44,2476.1,0.6554,3.884,13.56
2025-06-07 00:00:00,104871.58,2488.98,0.662,3.978,13.8
2025-06-07 04:00:00,104867.04,2491.28,0.6689,4.027,14.02
2025-06-07 08:00:00,105150.01,2495.75,0.6681,4.025,13.99
2025-06-07 12:00:00,105558.11,2519.75,0.6662,4.038,13.94
2025-06-07 16:00:00,105725.91,2517.31,0.6641,4.016,13.82
2025-06-07 20:00:00,105552.15,2524.63,0.6645,4.031,13.83
2025-06-08 00:00:00,105471.59,2511.72,0.6581,4.02,13.79
2025-06-08 04:00:00,105426.45,2514.45,0.6623,4.022,13.74
2025-06-08 08:00:00,105686.71,2513.51,0.6644,4.043,13.76
2025-06-08 12:00:00,105984.52,2514.44,0.67,4.076,13.76
2025-06-08 16:00:00,106289.99,2532.56,0.6744,4.079,13.91
2025-06-08 20:00:00,105734.0,2509.83,0.6703,4.025,13.73
2025-06-09 00:00:00,105659.13,2496.86,0.6635,4.006,13.72
2025-06-09 04:00:00,105560.71,2491.77,0.6626,3.986,13.67
2025-06-09 08:00:00,107759.21,2541.79,0.6758,4.055,13.9
2025-06-09 12:00:00,107635.91,2534.11,0.6737,4.021,13.93
2025-06-09 16:00:00,108564.72,2580.59,0.6814,4.065,14.01
2025-06-09 20:00:00,110263.02,2680.13,0.7049,4.151,14.36
2025-06-10 00:00:00,109568.02,2688.88,0.7059,4.149,14.48
2025-06-10 04:00:00,109205.14,2677.35,0.6964,4.126,14.48
2025-06-10 08:00:00,109541.28,2773.64,0.7048,4.233,15.17
2025-06-10 12:00:00,109015.42,2732.95,0.6959,4.239,15.09
2025-06-10 16:00:00,109526.3,2773.68,0.7087,4.275,15.27
2025-06-10 20:00:00,110274.39,2816.4,0.7167,4.294,15.45
2025-06-11 00:00:00,109722.95,2791.06,0.7201,4.275,15.3
2025-06-11 04:00:00,109446.74,2791.59,0.7236,4.315,15.39
2025-06-11 08:00:00,109252.09,2772.25,0.7148,4.229,15.18
2025-06-11 12:00:00,109735.7,2865.21,0.7257,4.333,15.61
2025-06-11 16:00:00,108742.37,2813.35,0.7042,4.244,15.15
2025-06-11 20:00:00,108645.12,2771.61,0.698,4.189,14.89
2025-06-12 00:00:00,107860.05,2765.08,0.6907,4.14,14.65
2025-06-12 04:00:00,107633.53,2741.0,0.687,4.059,14.42
2025-06-12 08:00:00,106900.95,2729.8,0.6774,4.015,14.13
2025-06-12 12:00:00,107020.95,2719.79,0.6772,4.027,14.26
2025-06-12 16:00:00,106788.8,2695.0,0.6685,3.98,14.13
2025-06-12 20:00:00,105671.73,2642.65,0.6613,3.919,13.97
2025-06-13 00:00:00,104277.22,2514.33,0.6346,3.78,13.26
2025-06-13 04:00:00,104895.0,2526.45,0.6356,3.823,13.24
2025-06-13 08:00:00,105039.48,2545.4,0.6417,3.844,13.33
2025-06-13 12:00:00,105436.87,2551.27,0.6383,3.824,13.41
2025-06-13 16:00:00,105110.0,2527.72,0.632,3.766,13.13
2025-06-13 20:00:00,106066.59,2579.19,0.642,3.838,13.44
2025-06-14 00:00:00,105228.82,2548.76,0.6363,3.818,13.26
2025-06-14 04:00:00,105076.59,2537.5,0.6365,3.812,13.21
2025-06-14 08:00:00,105082.01,2538.52,0.6361,3.806,13.16
2025-06-14 12:00:00,104841.3,2519.42,0.6285,3.763,13.0
2025-06-14 16:00:00,104645.67,2507.5,0.6189,3.742,13.0
2025-06-14 20:00:00,105414.64,2530.76,0.6247,3.781,13.15
2025-06-15 00:00:00,105473.55,2530.1,0.6275,3.787,13.23
2025-06-15 04:00:00,105428.0,2528.61,0.6278,3.776,13.16
2025-06-15 08:00:00,104970.51,2516.1,0.6261,3.781,13.08
2025-06-15 12:00:00,105564.0,2541.81,0.6305,3.804,13.17
2025-06-15 16:00:00,105294.19,2536.79,0.6297,3.786,13.13
2025-06-15 20:00:00,105594.01,2547.61,0.6334,3.821,13.3
2025-06-16 00:00:00,105921.84,2568.25,0.6369,3.843,13.38
2025-06-16 04:00:00,107061.8,2628.68,0.6491,3.905,13.68
2025-06-16 08:00:00,106883.99,2617.01,0.6461,3.905,13.68
2025-06-16 12:00:00,107424.96,2632.25,0.6492,3.937,13.8
2025-06-16 16:00:00,108652.0,2660.53,0.6551,3.973,14.06
2025-06-16 20:00:00,106794.53,2544.17,0.6303,3.847,13.56
2025-06-17 00:00:00,107590.41,2607.4,0.6367,3.873,13.67
2025-06-17 04:00:00,106758.52,2582.26,0.6325,3.833,13.5
2025-06-17 08:00:00,105641.47,2552.19,0.6217,3.776,13.26
2025-06-17 12:00:00,104241.63,2499.0,0.6118,3.726,13.06
2025-06-17 16:00:00,104686.12,2528.36,0.6176,3.747,13.16
2025-06-17 20:00:00,104551.17,2509.95,0.609,3.719,12.99
2025-06-18 00:00:00,105184.84,2527.95,0.6138,3.752,13.07
2025-06-18 04:00:00,104973.24,2533.55,0.6155,3.75,13.09
2025-06-18 08:00:00,104840.59,2513.86,0.607,3.69,12.86
2025-06-18 12:00:00,104801.01,2508.96,0.5947,3.636,12.89
2025-06-18 16:00:00,103808.41,2492.42,0.5909,3.598,12.77
2025-06-18 20:00:00,104886.78,2525.0,0.6039,3.622,13.11
2025-06-19 00:00:00,105100.02,2525.43,0.6032,3.605,13.21
2025-06-19 04:00:00,104642.85,2518.99,0.5984,3.57,13.13
2025-06-19 08:00:00,104776.23,2531.83,0.5986,3.58,13.16
2025-06-19 12:00:00,104096.93,2492.97,0.591,3.527,12.95
2025-06-19 16:00:00,104250.44,2504.87,0.5996,3.555,13.03
2025-06-19 20:00:00,104658.59,2521.12,0.602,3.548,13.07
2025-06-20 00:00:00,104596.63,2517.19,0.598,3.51,13.0
2025-06-20 04:00:00,105811.74,2549.64,0.6027,3.54,13.18
2025-06-20 08:00:00,105977.82,2549.65,0.6023,3.545,13.13
2025-06-20 12:00:00,104217.99,2493.78,0.5832,3.474,12.9
2025-06-20 16:00:00,103307.22,2414.85,0.5779,3.423,12.58
2025-06-20 20:00:00,103297.99,2406.49,0.5774,3.437,12.51
2025-06-21 00:00:00,103495.87,2425.59,0.5846,3.459,12.69
2025-06-21 04:00:00,103458.5,2426.85,0.5823,3.481,12.63
2025-06-21 08:00:00,103874.64,2442.75,0.584,3.462,12.68
2025-06-21 12:00:00,103560.9,2423.59,0.5757,3.41,12.5
2025-06-21 16:00:00,102245.1,2384.76,0.5644,3.347,12.2
2025-06-21 20:00:00,102120.01,2295.73,0.5561,3.324,12.03
2025-06-22 00:00:00,102375.4,2264.58,0.5477,3.259,11.91
2025-06-22 04:00:00,102424.61,2270.68,0.5488,3.284,11.97
2025-06-22 08:00:00,102739.48,2273.0,0.5463,3.283,11.89
2025-06-22 12:00:00,98906.21,2174.91,0.5232,3.173,11.45
2025-06-22 16:00:00,98882.84,2183.78,0.5244,3.146,11.22
2025-06-22 20:00:00,100963.87,2227.7,0.5419,3.153,11.65
2025-06-23 00:00:00,101154.14,2234.68,0.5456,3.179,11.64
2025-06-23 04:00:00,101931.04,2258.88,0.5485,3.215,11.85
2025-06-23 08:00:00,101289.01,2253.37,0.5431,3.193,11.85
2025-06-23 12:00:00,101420.7,2248.54,0.5424,3.207,11.76
2025-06-23 16:00:00,103161.29,2312.77,0.5549,3.284,12.15
2025-06-23 20:00:00,105333.93,2411.66,0.5823,3.416,12.82
2025-06-24 00:00:00,104919.6,2398.51,0.5797,3.401,12.95
2025-06-24 04:00:00,104933.74,2393.31,0.5819,3.414,13.03
2025-06-24 08:00:00,105170.0,2409.44,0.5849,3.429,13.16
2025-06-24 12:00:00,105244.73,2438.1,0.5836,3.449,13.35
2025-06-24 16:00:00,105643.19,2434.24,0.5827,3.432,13.35
2025-06-24 20:00:00,106083.0,2448.45,0.5875,3.439,13.42
2025-06-25 00:00:00,106232.01,2444.38,0.584,3.427,13.36
2025-06-25 04:00:00,106600.01,2444.54,0.585,3.43,13.46
2025-06-25 08:00:00,107198.02,2428.95,0.5806,3.424,13.28
2025-06-25 12:00:00,107028.0,2405.68,0.5673,3.362,13.05
2025-06-25 16:00:00,107761.68,2432.79,0.5715,3.396,13.23
2025-06-25 20:00:00,107340.58,2418.49,0.5671,3.352,13.13
2025-06-26 00:00:00,107853.79,2488.78,0.5736,3.381,13.34
2025-06-26 04:00:00,107813.99,2489.89,0.5723,3.373,13.38
2025-06-26 08:00:00,107325.41,2450.36,0.5634,3.328,13.19
2025-06-26 12:00:00,107313.6,2433.03,0.5545,3.313,13.12
2025-06-26 16:00:00,107532.98,2435.87,0.5558,3.322,13.11
2025-06-26 20:00:00,106947.06,2415.96,0.5543,3.299,12.94
2025-06-27 00:00:00,107477.76,2446.97,0.5599,3.346,13.13
2025-06-27 04:00:00,106869.71,2442.31,0.5539,3.296,13.03
2025-06-27 08:00:00,106983.6,2447.25,0.5543,3.311,13.04
2025-06-27 12:00:00,107308.25,2438.25,0.5554,3.356,13.05
2025-06-27 16:00:00,106801.02,2412.67,0.5509,3.327,12.88
2025-06-27 20:00:00,107047.59,2423.17,0.5587,3.359,13.05
2025-06-28 00:00:00,107300.13,2420.93,0.5597,3.361,13.15
2025-06-28 04:00:00,107485.0,2431.76,0.5625,3.353,13.16
2025-06-28 08:00:00,107373.39,2427.42,0.5591,3.357,13.09
2025-06-28 12:00:00,107449.28,2436.09,0.5642,3.375,13.27
2025-06-28 16:00:00,107225.74,2433.22,0.5638,3.403,13.31
2025-06-28 20:00:00,107296.79,2435.62,0.5654,3.407,13.39
2025-06-29 00:00:00,107210.78,2427.86,0.5635,3.382,13.29
2025-06-29 04:00:00,107402.18,2440.5,0.5612,3.41,13.44
2025-06-29 08:00:00,108477.11,2462.25,0.5652,3.436,13.44
2025-06-29 12:00:00,107750.72,2436.68,0.5559,3.401,13.28
2025-06-29 16:00:00,107406.81,2437.96,0.5588,3.432,13.34
2025-06-29 20:00:00,108356.93,2500.09,0.5773,3.541,13.7
2025-06-30 00:00:00,108503.74,2499.21,0.5684,3.479,13.5
2025-06-30 04:00:00,107614.08,2480.59,0.5664,3.459,13.34
2025-06-30 08:00:00,107654.2,2458.52,0.5641,3.42,13.2
2025-06-30 12:00:00,107580.46,2474.78,0.5672,3.396,13.38
2025-06-30 16:00:00,107745.97,2515.71,0.5896,3.456,13.62
2025-06-30 20:00:00,107146.5,2485.47,0.5722,3.397,13.38
2025-07-01 00:00:00,107192.38,2485.42,0.569,3.385,13.32
2025-07-01 04:00:00,107178.99,2465.03,0.5672,3.355,13.23
2025-07-01 08:00:00,106605.8,2449.06,0.5603,3.335,13.14
2025-07-01 12:00:00,105955.18,2423.54,0.5469,3.331,13.0
2025-07-01 16:00:00,105398.53,2402.87,0.5392,3.283,12.82
2025-07-01 20:00:00,105681.14,2405.01,0.542,3.281,12.9
2025-07-02 00:00:00,106194.7,2430.55,0.5484,3.301,12.91
2025-07-02 04:00:00,107080.0,2447.03,0.5567,3.314,13.04
2025-07-02 08:00:00,107479.99,2445.7,0.561,3.325,13.08
2025-07-02 12:00:00,108737.74,2498.81,0.5778,3.432,13.36
2025-07-02 16:00:00,109676.14,2604.73,0.5956,3.579,13.77
2025-07-02 20:00:00,108849.6,2570.41,0.584,3.545,13.56
2025-07-03 00:00:00,108628.21,2561.23,0.5867,3.535,13.46
2025-07-03 04:00:00,109280.0,2600.18,0.6084,3.654,13.88
2025-07-03 08:00:00,109599.19,2597.59,0.6037,3.59,13.81
2025-07-03 12:00:00,109127.84,2570.52,0.5877,3.506,13.62
2025-07-03 16:00:00,109803.41,2586.02,0.5957,3.546,13.7
2025-07-03 20:00:00,109584.78,2591.25,0.5992,3.539,13.67
2025-07-04 00:00:00,109235.57,2577.93,0.5937,3.517,13.6
2025-07-04 04:00:00,108700.0,2534.9,0.5797,3.446,13.37
2025-07-04 08:00:00,108888.0,2549.21,0.5816,3.438,13.35
2025-07-04 12:00:00,107573.29,2500.52,0.5711,3.352,13.08
2025-07-04 16:00:00,107469.23,2482.58,0.5667,3.329,13.02
2025-07-04 20:00:00,107984.24,2508.04,0.5724,3.358,13.16
2025-07-05 00:00:00,108154.72,2518.24,0.5782,3.368,13.2
2025-07-05 04:00:00,108053.46,2521.31,0.5791,3.373,13.19
2025-07-05 08:00:00,108112.21,2518.11,0.5748,3.364,13.24
2025-07-05 12:00:00,108058.0,2507.67,0.5757,3.346,13.12
2025-07-05 16:00:00,108141.78,2505.74,0.5738,3.339,13.12
2025-07-05 20:00:00,108198.12,2516.41,0.5755,3.356,13.23
2025-07-06 00:00:00,108050.49,2514.77,0.5751,3.344,13.21
2025-07-06 04:00:00,108040.31,2517.85,0.5738,3.347,13.15
2025-07-06 08:00:00,108076.01,2516.14,0.578,3.369,13.21
2025-07-06 12:00:00,108905.99,2558.72,0.5856,3.389,13.43
2025-07-06 16:00:00,108538.46,2541.06,0.5834,3.391,13.38
2025-07-06 20:00:00,109203.84,2570.35,0.5858,3.395,13.48
2025-07-07 00:00:00,109389.47,2577.42,0.5875,3.414,13.55
2025-07-07 04:00:00,109061.08,2578.34,0.5902,3.41,13.62
2025-07-07 08:00:00,108642.01,2562.99,0.5874,3.383,13.57
2025-07-07 12:00:00,108292.59,2533.81,0.5836,3.393,13.53
2025-07-07 16:00:00,108056.68,2543.97,0.5802,3.382,13.43
2025-07-07 20:00:00,108262.94,2542.29,0.5805,3.369,13.44
2025-07-08 00:00:00,107901.52,2538.34,0.576,3.348,13.24
2025-07-08 04:00:00,108484.61,2553.42,0.5784,3.356,13.36
2025-07-08 08:00:00,108756.37,2575.15,0.5845,3.384,13.5
2025-07-08 12:00:00,108268.35,2564.68,0.5813,3.372,13.5
2025-07-08 16:00:00,108771.88,2610.61,0.5891,3.439,13.92
2025-07-08 20:00:00,108922.98,2615.25,0.5884,3.448,13.96
2025-07-09 00:00:00,108376.41,2591.75,0.5852,3.419,13.84
2025-07-09 04:00:00,108714.39,2624.86,0.5961,3.483,14.15
2025-07-09 08:00:00,109058.27,2626.43,0.6094,3.522,14.02
2025-07-09 12:00:00,109071.32,2656.83,0.6109,3.522,14.01
2025-07-09 16:00:00,111750.0,2765.01,0.6221,3.624,14.29
2025-07-09 20:00:00,111233.99,2768.74,0.6227,3.62,14.25
2025-07-10 00:00:00,111074.51,2776.13,0.6216,3.642,14.32
2025-07-10 04:00:00,111230.0,2791.09,0.628,3.661,14.4
2025-07-10 08:00:00,111019.99,2778.69,0.6317,3.67,14.33
2025-07-10 12:00:00,111408.4,2769.32,0.6292,3.629,14.34
2025-07-10 16:00:00,113301.81,2816.21,0.6521,3.714,14.66
2025-07-10 20:00:00,116010.0,2951.29,0.6775,3.881,15.23
2025-07-11 00:00:00,116881.7,2969.74,0.6876,3.916,15.37
2025-07-11 04:00:00,117526.88,2968.49,0.6992,3.909,15.27
2025-07-11 08:00:00,117821.91,2984.0,0.7277,3.936,15.44
2025-07-11 12:00:00,116902.59,2951.09,0.7375,3.975,15.48
2025-07-11 16:00:00,118108.81,3007.6,0.7431,4.076,15.81
2025-07-11 20:00:00,117527.66,2958.22,0.7094,3.907,15.28
2025-07-12 00:00:00,117774.42,2966.09,0.7289,4.014,15.37
2025-07-12 04:00:00,117731.99,2962.85,0.7151,3.988,15.24
2025-07-12 08:00:00,117810.0,2963.39,0.723,3.989,15.26
2025-07-12 12:00:00,117100.01,2916.05,0.6935,3.825,14.83
2025-07-12 16:00:00,117550.96,2941.18,0.7074,3.899,15.05
2025-07-12 20:00:00,117420.0,2943.28,0.7089,3.891,15.11
2025-07-13 00:00:00,117753.6,2955.1,0.7187,3.92,15.14
2025-07-13 04:00:00,117999.0,2962.94,0.7402,4.0,15.36
2025-07-13 08:00:00,118072.01,2964.58,0.7292,3.968,15.42
2025-07-13 12:00:00,118672.24,2992.43,0.7419,4.009,15.69
2025-07-13 16:00:00,118961.08,2989.45,0.7449,4.019,15.79
2025-07-13 20:00:00,119086.64,2972.03,0.7367,3.984,15.66
2025-07-14 00:00:00,120750.24,3037.36,0.7601,4.142,16.15
2025-07-14 04:00:00,122736.04,3045.02,0.7623,4.152,16.16
2025-07-14 08:00:00,121467.24,3051.72,0.7471,4.088,16.24
2025-07-14 12:00:00,119878.23,3012.49,0.7343,4.004,15.98
2025-07-14 16:00:00,119939.41,3000.33,0.7318,3.944,15.75
2025-07-14 20:00:00,119841.18,3013.62,0.7352,3.95,15.75
2025-07-15 00:00:00,117148.47,2951.8,0.7186,3.833,15.28
2025-07-15 04:00:00,116779.12,2977.49,0.7199,3.865,15.4
2025-07-15 08:00:00,117113.98,2981.11,0.7273,3.883,15.36
2025-07-15 12:00:00,116391.43,3039.93,0.7244,3.947,15.57
2025-07-15 16:00:00,116416.07,3040.88,0.7216,3.95,15.63
2025-07-15 20:00:00,117758.09,3137.89,0.7466,4.083,16.11
2025-07-16 00:00:00,117482.67,3115.99,0.7379,4.043,15.92
2025-07-16 04:00:00,118189.25,3162.45,0.7468,4.126,16.31
2025-07-16 08:00:00,118769.06,3150.5,0.7445,4.116,16.4
2025-07-16 12:00:00,119095.76,3244.49,0.7508,4.133,16.61
2025-07-16 16:00:00,119230.16,3384.23,0.7638,4.17,16.87
2025-07-16 20:00:00,118630.43,3371.35,0.7644,4.156,16.67
2025-07-17 00:00:00,118128.8,3330.14,0.7449,4.096,16.42
2025-07-17 04:00:00,118311.75,3447.9,0.7733,4.189,16.99
2025-07-17 08:00:00,117995.0,3433.29,0.8154,4.223,17.09
2025-07-17 12:00:00,118881.99,3420.49,0.8028,4.189,17.15
2025-07-17 16:00:00,118959.66,3412.33,0.7991,4.124,17.06
2025-07-17 20:00:00,119177.56,3476.87,0.8216,4.26,18.0
2025-07-18 00:00:00,120223.09,3596.4,0.8599,4.435,18.74
2025-07-18 04:00:00,119339.51,3604.1,0.8533,4.484,18.5
2025-07-18 08:00:00,119171.34,3610.24,0.8511,4.425,18.35
2025-07-18 12:00:00,117860.25,3563.68,0.8221,4.294,17.92
2025-07-18 16:00:00,117374.76,3551.59,0.8174,4.256,17.73
2025-07-18 20:00:00,117924.84,3546.92,0.8158,4.227,17.83
2025-07-19 00:00:00,118322.54,3592.98,0.8272,4.296,18.19
2025-07-19 04:00:00,118163.06,3571.47,0.8252,4.286,17.95
2025-07-19 08:00:00,118327.06,3552.75,0.819,4.23,17.71
2025-07-19 12:00:00,118058.11,3552.0,0.8217,4.221,17.93
2025-07-19 16:00:00,118007.88,3577.61,0.8293,4.388,18.36
2025-07-19 20:00:00,117840.0,3592.01,0.8298,4.409,18.39
2025-07-20 00:00:00,117958.01,3658.01,0.8404,4.389,18.67
2025-07-20 04:00:00,118029.49,3668.49,0.8451,4.414,18.81
2025-07-20 08:00:00,117878.46,3756.71,0.8507,4.49,19.4
2025-07-20 12:00:00,118671.11,3786.05,0.8709,4.538,19.71
2025-07-20 16:00:00,118155.01,3749.93,0.871,4.525,19.44
2025-07-20 20:00:00,117265.12,3756.69,0.858,4.48,19.27
2025-07-21 00:00:00,118404.0,3757.37,0.8659,4.538,19.57
2025-07-21 04:00:00,119362.67,3787.69,0.8939,4.581,19.74
2025-07-21 08:00:00,118070.17,3808.69,0.9085,4.584,20.05
2025-07-21 12:00:00,118313.16,3810.37,0.9119,4.594,19.79
2025-07-21 16:00:00,116767.67,3736.46,0.8766,4.444,19.26
2025-07-21 20:00:00,117380.36,3762.33,0.8891,4.499,19.5
2025-07-22 00:00:00,117210.0,3731.14,0.8863,4.418,19.55
2025-07-22 04:00:00,117983.68,3676.91,0.871,4.388,19.06
2025-07-22 08:00:00,119154.99,3705.3,0.878,4.41,19.23
2025-07-22 12:00:00,118912.04,3718.11,0.8804,4.419,19.35
2025-07-22 16:00:00,119282.1,3670.14,0.8775,4.37,19.06
2025-07-22 20:00:00,119954.42,3746.21,0.9034,4.549,19.66
2025-07-23 00:00:00,118614.17,3728.63,0.881,4.473,19.46
2025-07-23 04:00:00,118350.35,3673.33,0.8678,4.448,19.14
2025-07-23 08:00:00,118538.46,3671.99,0.8623,4.366,18.91
2025-07-23 12:00:00,118567.39,3644.22,0.8343,4.243,18.5
2025-07-23 16:00:00,118393.64,3587.75,0.8138,4.139,17.99
2025-07-23 20:00:00,118755.99,3628.29,0.816,4.113,18.18
2025-07-24 00:00:00,118488.92,3641.19,0.8162,4.141,18.22
2025-07-24 04:00:00,118416.21,3591.9,0.7891,4.009,17.73
2025-07-24 08:00:00,118600.0,3655.12,0.8154,4.019,18.07
2025-07-24 12:00:00,119092.65,3730.76,0.8234,4.082,18.47
2025-07-24 16:00:00,118943.42,3732.79,0.8168,4.059,18.34
2025-07-24 20:00:00,118340.99,3706.94,0.806,4.0,17.91
2025-07-25 00:00:00,115419.66,3596.0,0.7952,3.926,17.5
2025-07-25 04:00:00,115320.01,3631.67,0.7949,3.937,17.5
2025-07-25 08:00:00,116543.58,3721.37,0.8103,4.048,18.32
2025-07-25 12:00:00,115727.08,3634.2,0.7841,3.954,17.61
2025-07-25 16:00:00,116688.6,3641.14,0.7934,3.995,17.72
2025-07-25 20:00:00,117614.31,3724.96,0.8158,4.088,18.28
2025-07-26 00:00:00,117489.62,3739.51,0.8248,4.122,18.37
2025-07-26 04:00:00,117304.47,3742.21,0.8186,4.093,18.22
2025-07-26 08:00:00,117776.11,3739.36,0.8237,4.106,18.25
2025-07-26 12:00:00,118130.1,3735.72,0.8326,4.143,18.4
2025-07-26 16:00:00,118232.11,3750.5,0.829,4.191,18.55
2025-07-26 20:00:00,117919.99,3741.1,0.8198,4.124,18.41
2025-07-27 00:00:00,118182.83,3774.03,0.8286,4.162,18.7
2025-07-27 04:00:00,118095.95,3768.01,0.8236,4.162,18.78
2025-07-27 08:00:00,118072.71,3815.26,0.8233,4.15,18.75
2025-07-27 12:00:00,118585.74,3818.53,0.8218,4.169,18.85
2025-07-27 16:00:00,118960.0,3828.32,0.8247,4.18,19.0
2025-07-27 20:00:00,119415.55,3872.1,0.832,4.24,19.24
2025-07-28 00:00:00,119287.99,3879.81,0.842,4.247,19.14
2025-07-28 04:00:00,118900.0,3893.0,0.8384,4.271,19.29
2025-07-28 08:00:00,118827.49,3879.79,0.83,4.224,19.08
2025-07-28 12:00:00,118174.9,3808.11,0.8059,4.071,18.39
2025-07-28 16:00:00,118068.73,3797.36,0.7978,4.007,18.23
2025-07-28 20:00:00,118062.32,3799.0,0.7932,3.965,18.12
2025-07-29 00:00:00,118764.85,3791.9,0.7936,3.991,18.27
2025-07-29 04:00:00,118882.37,3877.36,0.8083,4.073,18.58
2025-07-29 08:00:00,118592.38,3825.9,0.7962,3.993,18.14
2025-07-29 12:00:00,117400.01,3761.57,0.7811,3.916,17.68
2025-07-29 16:00:00,117525.29,3765.89,0.7771,3.856,17.7
2025-07-29 20:00:00,117950.76,3793.79,0.7828,3.905,17.83
2025-07-30 00:00:00,118161.87,3817.47,0.7853,3.896,17.83
2025-07-30 04:00:00,118123.01,3811.44,0.7791,3.87,17.7
2025-07-30 08:00:00,117579.99,3758.18,0.7565,3.758,17.3
2025-07-30 12:00:00,118000.01,3797.25,0.7735,3.819,17.59
2025-07-30 16:00:00,116916.73,3760.68,0.7602,3.78,17.47
2025-07-30 20:00:00,117840.3,3810.0,0.7634,3.805,17.71
2025-07-31 00:00:00,118466.14,3863.31,0.7795,3.875,18.06
2025-07-31 04:00:00,118665.97,3863.81,0.782,3.886,18.03
2025-07-31 08:00:00,118371.25,3838.46,0.7786,3.888,17.98
2025-07-31 12:00:00,118306.18,3788.38,0.7619,3.788,17.53
2025-07-31 16:00:00,116785.79,3737.72,0.7517,3.749,17.22
2025-07-31 20:00:00,115764.08,3698.39,0.7392,3.682,16.92
2025-08-01 00:00:00,115648.03,3704.98,0.7346,3.692,16.87
2025-08-01 04:00:00,115081.77,3650.74,0.7248,3.657,16.64
2025-08-01 08:00:00,115305.65,3642.72,0.7272,3.651,16.61
2025-08-01 12:00:00,115357.82,3616.1,0.7331,3.643,16.64
2025-08-01 16:00:00,113328.68,3518.4,0.7313,3.625,16.38
2025-08-01 20:00:00,113297.93,3488.2,0.7141,3.547,16.07
2025-08-02 00:00:00,113909.86,3528.79,0.7215,3.597,16.2
2025-08-02 04:00:00,113982.49,3519.16,0.7229,3.586,16.14
2025-08-02 08:00:00,113787.12,3508.67,0.7148,3.552,16.03
2025-08-02 12:00:00,112840.71,3459.33,0.6993,3.496,15.79
2025-08-02 16:00:00,112229.42,3383.2,0.694,3.48,15.58
2025-08-02 20:00:00,112546.35,3393.94,0.6975,3.509,15.65
2025-08-03 00:00:00,113604.2,3444.12,0.7161,3.54,15.9
2025-08-03 04:00:00,113700.0,3456.25,0.722,3.576,16.02
2025-08-03 08:00:00,113862.18,3485.46,0.7242,3.605,16.17
2025-08-03 12:00:00,113959.06,3476.49,0.726,3.589,16.23
2025-08-03 16:00:00,114313.19,3496.74,0.7246,3.597,16.27
2025-08-03 20:00:00,114208.8,3496.74,0.727,3.602,16.3
2025-08-04 00:00:00,114570.61,3556.8,0.7369,3.623,16.59
2025-08-04 04:00:00,114652.97,3551.99,0.7413,3.635,16.63
2025-08-04 08:00:00,114493.09,3555.7,0.7382,3.621,16.59
2025-08-04 12:00:00,114826.0,3648.89,0.7447,3.692,16.93
2025-08-04 16:00:00,114777.62,3669.73,0.7438,3.68,16.85
2025-08-04 20:00:00,115055.03,3720.99,0.7549,3.72,17.11
2025-08-05 00:00:00,114256.85,3651.94,0.7472,3.662,16.79
2025-08-05 04:00:00,113969.7,3613.49,0.7353,3.598,16.51
2025-08-05 08:00:00,114827.07,3673.79,0.7514,3.7,16.87
2025-08-05 12:00:00,112934.0,3570.43,0.7232,3.579,16.27
2025-08-05 16:00:00,113616.52,3571.66,0.7204,3.584,16.27
2025-08-05 20:00:00,114129.75,3612.0,0.7258,3.621,16.38
2025-08-06 00:00:00,113509.97,3583.66,0.7133,3.574,16.11
2025-08-06 04:00:00,114227.91,3639.82,0.727,3.636,16.52
2025-08-06 08:00:00,114226.69,3619.64,0.7262,3.607,16.4
2025-08-06 12:00:00,115413.87,3664.69,0.7419,3.678,16.77
2025-08-06 16:00:00,115259.99,3683.65,0.7427,3.674,16.79
2025-08-06 20:00:00,114992.27,3683.31,0.7413,3.673,16.67
2025-08-07 00:00:00,114546.03,3656.78,0.7343,3.647,16.61
2025-08-07 04:00:00,114787.99,3702.4,0.7413,3.683,16.83
2025-08-07 08:00:00,116519.53,3827.0,0.7674,3.789,17.35
2025-08-07 12:00:00,116689.81,3837.01,0.7629,3.766,17.84
2025-08-07 16:00:00,117461.98,3867.6,0.766,3.788,18.29
2025-08-07 20:00:00,117472.01,3910.31,0.7874,3.867,18.48
2025-08-08 00:00:00,116737.35,3939.18,0.7957,3.877,19.21
2025-08-08 04:00:00,116817.19,3915.97,0.7993,3.92,19.33
2025-08-08 08:00:00,116891.51,3917.97,0.7997,3.915,19.5
2025-08-08 12:00:00,116207.69,3954.56,0.7819,3.884,19.21
2025-08-08 16:00:00,116453.41,4060.99,0.7994,3.988,19.75
2025-08-08 20:00:00,116674.74,4009.5,0.7911,3.979,19.89
2025-08-09 00:00:00,116384.01,4051.01,0.7957,4.0,20.88
2025-08-09 04:00:00,116756.01,4170.64,0.807,4.074,20.8
2025-08-09 08:00:00,117110.0,4190.0,0.8069,4.1,20.89
2025-08-09 12:00:00,116892.47,4209.57,0.8052,4.075,21.07
2025-08-09 16:00:00,116535.69,4258.57,0.8158,4.129,21.22
2025-08-09 20:00:00,116462.25,4260.62,0.8029,4.138,21.94
2025-08-10 00:00:00,118500.0,4242.74,0.8238,4.136,21.5
2025-08-10 04:00:00,117808.3,4185.12,0.7946,4.009,21.89
2025-08-10 08:00:00,118330.58,4180.57,0.7905,3.992,21.57
2025-08-10 12:00:00,118815.0,4217.94,0.801,4.056,22.49
2025-08-10 16:00:00,118663.08,4248.83,0.8058,4.073,22.14
2025-08-10 20:00:00,119294.01,4250.57,0.8014,4.046,22.06
2025-08-11 00:00:00,121728.99,4309.64,0.8258,4.129,22.32
2025-08-11 04:00:00,121537.15,4273.69,0.8096,4.046,21.95
2025-08-11 08:00:00,120561.54,4185.1,0.7908,3.932,21.28
2025-08-11 12:00:00,120314.4,4329.74,0.7963,3.965,21.97
2025-08-11 16:00:00,119089.3,4259.39,0.785,3.908,21.39
2025-08-11 20:00:00,118686.0,4223.22,0.7728,3.854,21.07
2025-08-12 00:00:00,118857.7,4286.09,0.7817,3.897,21.45
2025-08-12 04:00:00,118986.72,4315.57,0.7822,3.922,21.49
2025-08-12 08:00:00,118522.22,4290.94,0.775,3.885,21.3
2025-08-12 12:00:00,119933.0,4472.62,0.8143,4.095,24.02
2025-08-12 16:00:00,119665.27,4516.97,0.8484,4.173,23.42
2025-08-12 20:00:00,120134.08,4590.52,0.8411,4.157,23.6
2025-08-13 00:00:00,119482.01,4647.0,0.8558,4.189,24.55
2025-08-13 04:00:00,119580.4,4625.59,0.8592,4.202,23.41
2025-08-13 08:00:00,120570.41,4690.33,0.8797,4.26,24.18
2025-08-13 12:00:00,120920.62,4664.38,0.8727,4.22,23.61
2025-08-13 16:00:00,122744.21,4738.99,0.8839,4.249,23.78
2025-08-13 20:00:00,123306.43,4749.3,0.9042,4.276,23.98
2025-08-14 00:00:00,123337.14,4774.08,0.9817,4.334,24.25
2025-08-14 04:00:00,121725.31,4748.37,0.9978,4.256,23.53
2025-08-14 08:00:00,120949.67,4718.17,0.9627,4.196,23.34
2025-08-14 12:00:00,118257.25,4618.87,0.925,4.026,22.76
2025-08-14 16:00:00,117945.92,4537.63,0.9001,3.994,22.4
2025-08-14 20:00:00,118295.09,4546.84,0.9258,3.986,22.46
2025-08-15 00:00:00,118968.91,4634.46,0.9298,4.037,22.8
2025-08-15 04:00:00,118956.45,4640.16,0.951,4.032,22.58
2025-08-15 08:00:00,119006.01,4634.16,0.9424,3.991,22.18
2025-08-15 12:00:00,117275.22,4430.86,0.9242,3.86,21.58
2025-08-15 16:00:00,116936.27,4383.45,0.9297,3.83,21.45
2025-08-15 20:00:00,117342.05,4439.47,0.9453,3.896,21.76
2025-08-16 00:00:00,117429.63,4432.24,0.9577,3.909,21.8
2025-08-16 04:00:00,117596.07,4451.83,0.9632,3.935,22.05
2025-08-16 08:00:00,117378.52,4387.87,0.9031,3.899,21.45
2025-08-16 12:00:00,117676.7,4400.42,0.91,3.981,22.01
2025-08-16 16:00:00,117672.12,4418.53,0.9169,3.947,22.7
2025-08-16 20:00:00,117380.66,4421.99,0.9211,3.966,22.64
2025-08-17 00:00:00,117684.95,4452.77,0.9377,3.981,23.39
2025-08-17 04:00:00,118005.98,4467.12,0.9595,4.023,24.29
2025-08-17 08:00:00,118308.01,4551.68,0.9721,4.089,24.7
2025-08-17 12:00:00,118246.16,4561.99,0.9754,4.17,26.29
2025-08-17 16:00:00,117570.07,4459.56,0.9512,4.063,25.46
2025-08-17 20:00:00,117405.01,4472.33,0.9609,4.051,25.64
2025-08-18 00:00:00,115319.0,4320.22,0.9216,3.898,25.1
2025-08-18 04:00:00,115205.98,4257.47,0.9166,3.864,24.71
2025-08-18 08:00:00,114947.27,4274.37,0.8973,3.921,24.55
2025-08-18 12:00:00,116145.34,4345.52,0.9176,3.919,25.38
2025-08-18 16:00:00,116313.99,4355.09,0.9194,3.931,25.52
2025-08-18 20:00:00,116227.05,4312.99,0.9236,3.914,25.78
2025-08-19 00:00:00,114810.0,4218.66,0.9025,3.825,24.21
2025-08-19 04:00:00,114978.14,4234.36,0.9288,3.839,24.3
2025-08-19 08:00:00,115508.71,4308.93,0.9314,3.888,24.69
2025-08-19 12:00:00,113786.38,4192.14,0.8709,3.775,24.27
2025-08-19 16:00:00,113132.48,4142.0,0.8545,3.74,23.87
2025-08-19 20:00:00,112872.94,4075.59,0.8464,3.719,23.56
2025-08-20 00:00:00,113525.91,4140.92,0.8485,3.753,23.99
2025-08-20 04:00:00,113490.13,4185.22,0.8479,3.77,24.43
2025-08-20 08:00:00,113666.68,4195.3,0.8492,3.778,24.95
2025-08-20 12:00:00,113353.94,4255.9,0.8712,3.822,25.95
2025-08-20 16:00:00,114276.66,4346.65,0.8911,3.902,26.16
2025-08-20 20:00:00,114271.24,4336.16,0.8808,3.884,26.45
2025-08-21 00:00:00,113954.62,4295.23,0.8852,3.882,25.81
2025-08-21 04:00:00,113896.03,4310.76,0.8758,3.871,25.71
2025-08-21 08:00:00,113148.66,4278.52,0.8673,3.83,26.11
2025-08-21 12:00:00,112792.08,4242.66,0.8588,3.795,25.09
2025-08-21 16:00:00,112193.71,4224.1,0.8528,3.798,24.94
2025-08-21 20:00:00,112500.0,4225.3,0.8519,3.797,24.82
2025-08-22 00:00:00,112929.24,4278.93,0.8509,3.798,24.67
2025-08-22 04:00:00,113094.83,4328.14,0.8569,3.841,25.04
2025-08-22 08:00:00,112320.0,4274.56,0.8343,3.753,24.31
2025-08-22 12:00:00,116370.75,4616.08,0.9046,3.96,26.47
2025-08-22 16:00:00,116655.79,4833.0,0.9316,4.099,27.17
2025-08-22 20:00:00,116935.99,4832.07,0.9314,4.18,26.79
2025-08-23 00:00:00,115568.77,4694.64,0.9007,4.048,25.95
2025-08-23 04:00:00,115799.47,4713.88,0.926,4.145,25.88
2025-08-23 08:00:00,115310.13,4704.93,0.9156,4.14,25.66
2025-08-23 12:00:00,114812.87,4751.0,0.915,4.156,26.0
2025-08-23 16:00:00,115133.91,4758.66,0.9132,4.235,26.12
2025-08-23 20:00:00,115438.05,4778.4,0.9143,4.228,26.28
2025-08-24 00:00:00,115036.0,4788.59,0.9151,4.163,25.91
2025-08-24 04:00:00,114888.19,4758.7,0.904,4.088,25.6
2025-08-24 08:00:00,114730.22,4747.73,0.8925,4.036,25.47
2025-08-24 12:00:00,114400.0,4798.32,0.8992,4.061,25.56
2025-08-24 16:00:00,112600.0,4813.04,0.9227,4.133,26.08
2025-08-24 20:00:00,113493.59,4780.15,0.909,4.11,25.82
2025-08-25 00:00:00,112916.84,4727.41,0.9188,4.101,25.94
2025-08-25 04:00:00,111511.55,4591.36,0.8721,3.914,24.97
2025-08-25 08:00:00,111214.97,4600.08,0.8663,3.9,24.59
2025-08-25 12:00:00,112200.64,4612.57,0.8653,3.87,24.41
2025-08-25 16:00:00,110716.13,4420.34,0.85,3.778,23.65
2025-08-25 20:00:00,110111.98,4376.18,0.8371,3.734,23.38
2025-08-26 00:00:00,109879.56,4402.58,0.8361,3.789,23.16
2025-08-26 04:00:00,110303.2,4429.7,0.8403,3.795,23.15
2025-08-26 08:00:00,109876.52,4427.24,0.8385,3.782,23.56
2025-08-26 12:00:00,109666.33,4519.02,0.8491,3.813,24.17
2025-08-26 16:00:00,111116.03,4596.7,0.8734,3.908,24.35
2025-08-26 20:00:00,111763.22,4600.63,0.8663,3.887,24.38
2025-08-27 00:00:00,111418.15,4603.55,0.8693,3.892,24.34
2025-08-27 04:00:00,110725.18,4580.45,0.8563,3.852,24.17
2025-08-27 08:00:00,111322.07,4608.87,0.8642,3.884,24.37
2025-08-27 12:00:00,112000.0,4657.57,0.8723,3.912,24.29
2025-08-27 16:00:00,112080.69,4565.7,0.8629,3.866,24.17
2025-08-27 20:00:00,111262.01,4506.71,0.8509,3.837,23.78
2025-08-28 00:00:00,112000.01,4541.63,0.8588,3.874,23.92
2025-08-28 04:00:00,113114.11,4596.82,0.8729,3.935,24.21
2025-08-28 08:00:00,112909.18,4594.8,0.8679,3.965,23.89
2025-08-28 12:00:00,112678.53,4504.01,0.8592,3.956,24.8
2025-08-28 16:00:00,111901.36,4438.46,0.8434,3.881,24.5
2025-08-28 20:00:00,112566.9,4511.21,0.8576,3.981,25.18
2025-08-29 00:00:00,111704.23,4489.75,0.8526,3.953,24.23
2025-08-29 04:00:00,110019.38,4381.03,0.8276,3.816,23.55
2025-08-29 08:00:00,110098.81,4346.48,0.8238,3.83,23.44
2025-08-29 12:00:00,108386.23,4316.09,0.8255,3.771,23.44
2025-08-29 16:00:00,108212.01,4340.78,0.8209,3.764,23.35
2025-08-29 20:00:00,108377.4,4360.18,0.8266,3.774,23.43
2025-08-30 00:00:00,108436.2,4352.45,0.8339,3.819,23.24
2025-08-30 04:00:00,108524.26,4402.39,0.8371,3.813,23.36
2025-08-30 08:00:00,108680.01,4392.08,0.8271,3.796,23.39
2025-08-30 12:00:00,108869.98,4376.35,0.8235,3.787,23.41
2025-08-30 16:00:00,108828.33,4354.63,0.82,3.793,23.36
2025-08-30 20:00:00,108816.33,4373.7,0.8224,3.811,23.51
2025-08-31 00:00:00,109223.84,4488.12,0.8367,3.86,23.88
2025-08-31 04:00:00,108708.26,4450.84,0.8264,3.802,23.73
2025-08-31 08:00:00,108389.76,4476.98,0.8243,3.817,23.8
2025-08-31 12:00:00,108818.69,4485.27,0.827,3.818,23.77
2025-08-31 16:00:00,108930.0,4456.01,0.8216,3.799,23.66
2025-08-31 20:00:00,108246.35,4391.83,0.8113,3.742,23.2
2025-09-01 00:00:00,107660.01,4404.16,0.8091,3.688,23.06
2025-09-01 04:00:00,109432.99,4463.29,0.8382,3.82,23.59
2025-09-01 08:00:00,108782.88,4392.83,0.8201,3.769,23.22
2025-09-01 12:00:00,108784.33,4362.01,0.8102,3.732,22.79
2025-09-01 16:00:00,109217.64,4368.06,0.8115,3.74,22.83
2025-09-01 20:00:00,109237.42,4314.5,0.8014,3.693,22.51
2025-09-02 00:00:00,110322.18,4367.11,0.8172,3.772,23.13
2025-09-02 04:00:00,110233.92,4377.53,0.8174,3.756,23.24
2025-09-02 08:00:00,109733.34,4347.98,0.8162,3.755,23.1
2025-09-02 12:00:00,110829.17,4295.66,0.81,3.734,22.85
2025-09-02 16:00:00,110806.0,4274.41,0.8206,3.75,23.07
2025-09-02 20:00:00,111240.01,4326.5,0.8349,3.82,23.49
2025-09-03 00:00:00,111588.0,4325.27,0.8378,3.826,23.42
